seed,sample,ranking_score
1,0,0.8134482583375571
1,1,0.8148432498976261
1,2,0.8130354765161258
1,3,0.8165273380830949
1,4,0.8143337514500627
