seed,sample,ranking_score
1,0,0.8683071547978743
1,1,0.8711314934725862
1,2,0.8688329542927375
1,3,0.8676165439836421
1,4,0.8689091901787761
