seed,sample,ranking_score
1,0,0.29763885431955334
1,1,0.2732916334902871
1,2,0.29794965498633963
1,3,0.21950099906139636
1,4,0.2462165605517223
