seed,sample,ranking_score
1,0,0.8817114098856831
1,1,0.8776820258425397
1,2,0.8751305363778871
1,3,0.8781065609838058
1,4,0.8776319036208644
