seed,sample,ranking_score
1,0,0.6381796824824363
1,1,0.6396078876304554
1,2,0.6375576839727977
1,3,0.6270171049224772
1,4,0.6399897735465372
