seed,sample,ranking_score
1,0,0.8447463254670752
1,1,0.8520915703862864
1,2,0.835363125774025
1,3,0.850004973396685
1,4,0.8482196710516668
