seed,sample,ranking_score
1,0,0.8137479287028945
1,1,0.8139855228053472
1,2,0.8115150155335726
1,3,0.8129084667329426
1,4,0.8130030524343652
