seed,sample,ranking_score
1,0,0.34219810857764715
1,1,0.34199052987361545
1,2,0.28930110630443495
1,3,0.3679106747202171
1,4,0.3398532263306667
