seed,sample,ranking_score
1,0,0.27773013588966783
1,1,0.26552136677297794
1,2,0.27324492387922583
1,3,0.24684465947933426
1,4,0.26076263721035015
