seed,sample,ranking_score
1,0,0.8773178760899041
1,1,0.8816011332792217
1,2,0.8741264465658904
1,3,0.8761966209517584
1,4,0.871275550492519
