seed,sample,ranking_score
1,0,0.26311728080934127
1,1,0.27180043927395203
1,2,0.2683089019610656
1,3,0.270534369816665
1,4,0.23773420570072556
