seed,sample,ranking_score
1,0,0.5058168343351184
1,1,0.5552953812942545
1,2,0.5489638386829214
1,3,0.5067231262767249
1,4,0.5880182996416105
