seed,sample,ranking_score
1,0,0.2688568434908094
1,1,0.2613560863782052
1,2,0.333875301583521
1,3,0.24514819540375665
1,4,0.2753743138772251
