seed,sample,ranking_score
1,0,0.3530402037162001
1,1,0.3617835808316502
1,2,0.3684417462276104
1,3,0.375323706504342
1,4,0.31245580879712676
