seed,sample,ranking_score
1,0,0.26980703314255455
1,1,0.2666121291231295
1,2,0.2712419171717729
1,3,0.2509793935782076
1,4,0.26883704308112627
