seed,sample,ranking_score
1,0,0.6809460823324929
1,1,0.6818600235390179
1,2,0.6869472828197811
1,3,0.6727166237679334
1,4,0.6750617335169328
