seed,sample,ranking_score
1,0,0.7126817555420429
1,1,0.713202722511273
1,2,0.7217251808601237
1,3,0.7408939812592163
1,4,0.732898619236835
